vivi,luffy,zorro
chopper,zorro,usopp,longscils,nami,vivi
vivi,sandi,zorro,luffy
usopp,luffy,vivi
luffy,crocodile
luffy,crocodile,robin
luffy,crocodile
luffy,crocodile,robin
luffy,crocodile,robin
luffy,crocodile
luffy,crocodile
luffy,crocodile
luffy,crocodile
luffy,crocodile
luffy,crocodile
luffy,crocodile
luffy,crocodile
luffy,crocodile
luffy,crocodile
luffy,crocodile
luffy,crocodile
luffy,crocodile
luffy,crocodile
luffy,crocodile
luffy,crocodile
luffy,crocodile
luffy,crocodile
luffy,crocodile
luffy,crocodile
luffy,crocodile
luffy,crocodile
smoker,tashigi,sandi,zorro,vivi,usopp
sandi,zorro,vivi,usopp,luffy,crocodile
luffy,crocodile
luffy,crocodile
luffy,crocodile
sandi,zorro,vivi,usopp,chopper,nami,longscils
sandi,zorro,usopp,nami,chopper,vivi
usopp,vivi,sandi,zorro,nami
toto,luffy,crocodile
luffy,crocodile
luffy,crocodile
luffy,crocodile
smoker,tashigi
smoker,tashigi
nefertari,mr4,missmc
nefertari,mr4,missmc
nefertari,toto,koza,chaka
crocodile,mr1,mr2,mr4,missdf,missmc,vivi,chopper,nami,usopp,sandi,zorro,longscils
luffy,crocodile
robin,luffy
robin,luffy
robin,luffy
robin,luffy,pell
robin,luffy,pell
usopp,sandi,longscils
chopper,nami,longscils
sandi,zorro,nami,usopp,longscils
vivi,chopper,sandi,zorro,nami,usopp,longscils
vivi,chopper,sandi,zorro,nami,usopp
vivi,chopper,sandi,zorro,nami,usopp,longscils
vivi,karoo,usopp,nami
nefertari,mr2
mr1,missdf,mr4,missmc
koza,chaka
mr1,missdf,mr4,missmc,mr2
mr1,missdf,mr4,missmc,mr2
missdf,missmc
missdf,missmc,mr1,mr2
mr1,missdf,mr4,missmc,mr2,vivi,usopp,nami,zorro,sandi,longscils,karoo,chopper
mr1,missmc,mr2,mr4,usopp
mr1,mr2,missdf
mr2,missdf
mr2,missdf,mr1
vivi,karoo
longscils,nami,chopper,zorro,sandi,usopp
usopp,longscils,mr2,zorro,nami,missdf,mr1
sandi,chopper,mr4,missdf,vivi,karoo
vivi,karoo,chaka
vivi,koza
vivi,koza,nefertari
vivi,chaka
vivi,karoo
vivi,koza
vivi,koza,karoo
vivi,karoo
vivi,mr2
sandi,usopp,longscils
vivi,mr2,usopp,karoo
vivi,karoo,mr2
sandi,zorro,vivi,nami,usopp,luffy
vivi,karoo
vivi,karoo,mr2
vivi,karoo,mr2
vivi,karoo,mr2
vivi,karoo,mr2
vivi,karoo,mr2
vivi,karoo,mr2
vivi,karoo,mr2
vivi,karoo,mr2
vivi,karoo,mr2
vivi,karoo,sandi
vivi,sandi,mr2
sandi,mr2
sandi,mr2
chopper,usopp
chopper,usopp,mr4
chopper,usopp
chopper,usopp
chopper,usopp,mr4
chopper,usopp,mr4
chopper,usopp,mr4
usopp,mr4,missmc
chopper,usopp,mr4,missmc
chopper,usopp,mr4,missmc
chopper,usopp,missmc
chopper,usopp
chopper,usopp,mr4
chopper,usopp,missmc
chopper,usopp,mr4,missmc
chopper,usopp,mr4,missmc
chopper,usopp,mr4,missmc
chopper,usopp,mr4,missmc
chopper,usopp,mr4,missmc
chopper,usopp,mr4,missmc
chopper,usopp,mr4,missmc
usopp,missmc
usopp,missmc
chopper,usopp,mr4,missmc
chopper,usopp,mr4,missmc
chopper,usopp,missmc
chopper,usopp,mr4,missmc
usopp,missmc
mr4,missmc,chopper
mr4,chopper
usopp,missmc
usopp,missmc
chopper,usopp
usopp,missmc
chopper,usopp,mr4,missmc
chopper,usopp,mr4,missmc
chopper,usopp,mr4,missmc
chopper,usopp
chopper,usopp,missmc
chopper,usopp,missmc
chopper,usopp,mr4,missmc
chopper,usopp,missmc
chopper,usopp,mr4,missmc
chopper,usopp,mr4,missmc
chopper,usopp,mr4,missmc
usopp,mr4,missmc
chopper,usopp,missmc
usopp,mr4,missmc
chopper,usopp,mr4,missmc
mr4,missmc
chopper,usopp,mr4
mr4,missmc
